Term,es,nes,pval,fdr,geneset_size,matched_size,genes,ledge_genes
Graft-versus-host disease,0.8805866931134446,1.6621768989553842,0.0,0.00016768619875509765,42,15,HLA-DPB1;HLA-DQA1;HLA-DRB1;HLA-DQB1;HLA-DPA1;GZMB;PRF1;HLA-DMA;HLA-DMB;HLA-DOB;IL1B;KLRC1;KIR3DL2;KIR2DL3;IL6,HLA-DPB1;HLA-DQA1;HLA-DRB1;HLA-DQB1;HLA-DPA1;GZMB;PRF1;HLA-DMA;HLA-DMB;HLA-DOB;IL1B
Systemic lupus erythematosus,0.8721176115070794,1.6638651286111035,0.0,0.00020122343850611718,135,18,HLA-DPB1;HLA-DQA1;HLA-DRB1;HLA-DQB1;HLA-DPA1;FCGR3A;HLA-DMA;HLA-DMB;HLA-DOB;FCGR2A;FCGR1A;C1QA;SNRPB;C1QB;FCGR3B;ACTN4;ELANE;C1QC,HLA-DPB1;HLA-DQA1;HLA-DRB1;HLA-DQB1;HLA-DPA1;FCGR3A;HLA-DMA;HLA-DMB;HLA-DOB;FCGR2A;FCGR1A
Tuberculosis,0.8394811868076099,1.6643408757653666,0.0,0.00025152929813264646,180,28,CTSS;HLA-DPB1;FCER1G;HLA-DQA1;HLA-DRB1;HLA-DQB1;HLA-DPA1;FCGR3A;HLA-DMA;CEBPB;HLA-DMB;HLA-DOB;IL1B;FCGR2A;FCGR1A;FCGR2B;RAB7A;TNFRSF1A;IL23A;LAMP2;RFXANK;SPHK1;FCGR3B;IL6;IRAK4;MALT1;CAMK2G;CR1,CTSS;HLA-DPB1;FCER1G;HLA-DQA1;HLA-DRB1;HLA-DQB1;HLA-DPA1;FCGR3A;HLA-DMA;CEBPB;HLA-DMB;HLA-DOB;IL1B;FCGR2A;FCGR1A
Leishmaniasis,0.874805966561179,1.6708941979300118,0.0,0.0003353723975101953,77,20,HLA-DPB1;CYBA;HLA-DQA1;HLA-DRB1;HLA-DQB1;HLA-DPA1;FCGR3A;NCF2;HLA-DMA;HLA-DMB;HLA-DOB;IL1B;FCGR2A;FCGR1A;MARCKSL1;PRKCB;FCGR3B;MAP3K7;IRAK4;CR1,HLA-DPB1;CYBA;HLA-DQA1;HLA-DRB1;HLA-DQB1;HLA-DPA1;FCGR3A;NCF2;HLA-DMA;HLA-DMB;HLA-DOB;IL1B;FCGR2A;FCGR1A
Staphylococcus aureus infection,0.842261700843178,1.6585138075042605,0.0,0.00043119308251310823,95,21,HLA-DPB1;HLA-DQA1;HLA-DRB1;HLA-DQB1;HLA-DPA1;FCGR3A;HLA-DMA;HLA-DMB;FPR1;C5AR1;HLA-DOB;FCGR2A;FCGR1A;SELPLG;FCGR2B;C1QA;PTAFR;C1QB;FCGR3B;FCAR;C1QC,HLA-DPB1;HLA-DQA1;HLA-DRB1;HLA-DQB1;HLA-DPA1;FCGR3A;HLA-DMA;HLA-DMB;FPR1;C5AR1;HLA-DOB;FCGR2A;FCGR1A
Hematopoietic cell lineage,0.8585355079413399,1.6724686539089288,0.0,0.0005030585962652929,99,22,HLA-DPB1;MS4A1;HLA-DQA1;CD37;HLA-DRB1;HLA-DQB1;HLA-DPA1;HLA-DMA;CD2;HLA-DMB;HLA-DOB;IL1B;FCGR1A;CD19;GP9;CD9;CD1C;ITGA2B;GP1BA;ITGB3;IL6;CR1,HLA-DPB1;MS4A1;HLA-DQA1;CD37;HLA-DRB1;HLA-DQB1;HLA-DPA1;HLA-DMA;CD2;HLA-DMB;HLA-DOB;IL1B;FCGR1A;CD19;GP9;CD9;CD1C;ITGA2B
Rheumatoid arthritis,0.8636618897615174,1.677051398881732,0.0,0.0010061171925305858,93,23,HLA-DPB1;HLA-DQA1;HLA-DRB1;HLA-DQB1;CCL5;LTB;HLA-DPA1;HLA-DMA;TNFSF13B;HLA-DMB;ATP6V1F;CCL3;HLA-DOB;IL1B;ATP6V0E1;ATP6V0E2;IL23A;CXCL2;ATP6V1D;ATP6V1C1;IL6;CCL2;CXCL3,HLA-DPB1;HLA-DQA1;HLA-DRB1;HLA-DQB1;CCL5;LTB;HLA-DPA1;HLA-DMA;TNFSF13B;HLA-DMB;ATP6V1F;CCL3;HLA-DOB;IL1B
Influenza A,0.8386805321781273,1.622299417278427,0.0,0.001634940437862202,172,26,HLA-DPB1;HLA-DQA1;HLA-DRB1;HLA-DQB1;CCL5;HLA-DPA1;PYCARD;HLA-DMA;HLA-DMB;TNFSF10;OAS1;HLA-DOB;IL1B;IRF7;PRKCB;TNFRSF1A;RAB11B;PIK3R1;IL6;IRF9;EIF2S1;IRAK4;NXT2;KPNA1;CCL2;CXCL10,HLA-DPB1;HLA-DQA1;HLA-DRB1;HLA-DQB1;CCL5;HLA-DPA1;PYCARD;HLA-DMA;HLA-DMB;TNFSF10;OAS1;HLA-DOB;IL1B
Phagosome,0.8222158161332632,1.6140116982947499,0.0,0.0019004435858911068,152,29,CTSS;HLA-DPB1;CYBA;HLA-DQA1;HLA-DRB1;HLA-DQB1;HLA-DPA1;FCGR3A;NCF2;HLA-DMA;HLA-DMB;ATP6V1F;HLA-DOB;FCGR2A;FCGR1A;TUBB1;ATP6V0E1;FCGR2B;RAB7A;ATP6V0E2;LAMP2;ITGB3;STX18;ATP6V1D;ATP6V1C1;FCGR3B;FCAR;SEC61A2;THBS1,CTSS;HLA-DPB1;CYBA;HLA-DQA1;HLA-DRB1;HLA-DQB1;HLA-DPA1;FCGR3A;NCF2;HLA-DMA;HLA-DMB;ATP6V1F;HLA-DOB;FCGR2A;FCGR1A
Antigen processing and presentation,0.8454500849872177,1.6084557315583954,0.0,0.002213457823567289,78,18,CTSS;HLA-DPB1;HLA-DQA1;HLA-DRB1;HLA-DQB1;HLA-DPA1;IFI30;HLA-DMA;HLA-DMB;PDIA3;HLA-DOB;PSME1;HSP90AA1;KLRC1;KIR3DL2;KIR2DL3;RFXANK;TAPBP,CTSS;HLA-DPB1;HLA-DQA1;HLA-DRB1;HLA-DQB1;HLA-DPA1;IFI30;HLA-DMA;HLA-DMB;PDIA3;HLA-DOB;PSME1
Cell adhesion molecules,0.8113251331493747,1.587240973694586,0.002012072434607646,0.003841538371480419,148,22,HLA-DPB1;HLA-DQA1;HLA-DRB1;HLA-DQB1;HLA-DPA1;HLA-DMA;CD2;HLA-DMB;HLA-DOB;SELL;TIGIT;SELPLG;ITGB7;ICAM2;ICOS;CLDN5;ESAM;ICOSLG;PDCD1;F11R;JAM3;CD274,HLA-DPB1;HLA-DQA1;HLA-DRB1;HLA-DQB1;HLA-DPA1;HLA-DMA;CD2;HLA-DMB;HLA-DOB;SELL;TIGIT;SELPLG;ITGB7;ICAM2
Th17 cell differentiation,0.8164275961486238,1.5735206886313897,0.00101010101010101,0.004721011441874288,107,20,HLA-DPB1;HLA-DQA1;HLA-DRB1;HLA-DQB1;HLA-DPA1;HLA-DMA;CD247;HLA-DMB;HLA-DOB;IL1B;ZAP70;RXRA;HSP90AA1;RORA;IL23A;IL27RA;RARA;NFATC1;IL6;IL1RAP,HLA-DPB1;HLA-DQA1;HLA-DRB1;HLA-DQB1;HLA-DPA1;HLA-DMA;CD247;HLA-DMB;HLA-DOB;IL1B;ZAP70;RXRA
Human T-cell leukemia virus 1 infection,0.8052625530019489,1.5747720765997424,0.0,0.0049467428632753805,219,24,HLA-DPB1;HLA-DQA1;HLA-DRB1;HLA-DQB1;HLA-DPA1;HLA-DMA;HLA-DMB;HLA-DOB;TNFRSF1A;BUB3;VDAC3;PRKACA;CCND2;RELB;PIK3R1;NFATC1;IL6;PRKACB;CDC16;CRTC2;CDKN2A;ANAPC4;TBPL1;CRTC1,HLA-DPB1;HLA-DQA1;HLA-DRB1;HLA-DQB1;HLA-DPA1;HLA-DMA;HLA-DMB;HLA-DOB
Herpes simplex virus 1 infection,0.7823545247915259,1.5624503786031902,0.0,0.006467896237696624,498,51,HLA-DPB1;HLA-DQA1;HLA-DRB1;HLA-DQB1;CCL5;HLA-DPA1;HLA-DMA;HLA-DMB;OAS1;PDIA3;HLA-DOB;IL1B;SRSF5;IRF7;TNFRSF1A;SRSF3;EIF2B1;ITGB3;TAPBP;EIF2AK4;PIK3R1;IL6;IRF9;MAP3K7;EIF2S1;ZNF688;IRAK4;SRSF6;ZNF718;CCL2;ZNF567;ZNF841;ZNF615;ZNF528;ZNF195;ZNF45;ZNF350;ZNF212;ZNF468;ZFP69;ZNF836;ZNF561;HCFC2;ZNF404;ZNF256;ZNF333;ZNF559;ZNF799;ZNF682;ZNF436;ZNF175,HLA-DPB1;HLA-DQA1;HLA-DRB1;HLA-DQB1;CCL5;HLA-DPA1;HLA-DMA;HLA-DMB;OAS1;PDIA3;HLA-DOB;IL1B;SRSF5
Natural killer cell mediated cytotoxicity,0.8059819653034362,1.5551274929277956,0.0010080645161290322,0.007311118265722258,131,19,TYROBP;FCER1G;GZMB;PRF1;FCGR3A;CD247;TNFSF10;ZAP70;NCR3;CD48;GRB2;PRKCB;ICAM2;KLRC1;KIR3DL2;KIR2DL3;PIK3R1;FCGR3B;NFATC1,TYROBP;FCER1G;GZMB;PRF1;FCGR3A;CD247;TNFSF10;ZAP70;NCR3;CD48;GRB2;PRKCB;ICAM2;KLRC1
Viral protein interaction with cytokine and cytokine receptor,0.804297642976938,1.5407450857760498,0.0030241935483870967,0.008866407759175788,100,18,CCL5;CCL4;XCL2;CCL3;TNFRSF1B;TNFSF10;XCL1;PF4;PPBP;TNFRSF1A;CXCL2;IL6;CCL4L1;CCL2;CXCR1;CXCL10;CXCL3;IL24,CCL5;CCL4;XCL2;CCL3;TNFRSF1B;TNFSF10;XCL1;PF4;PPBP
Fc gamma R-mediated phagocytosis,0.7644276259071777,1.4839405785483213,0.011133603238866396,0.0280529146623234,97,17,ARPC1B;FCGR3A;ARPC5L;FCGR2A;FCGR1A;MARCKSL1;ACTR2;PRKCB;GSN;ARPC4;FCGR2B;PRKCD;ARF6;SPHK1;PIK3R1;FCGR3B;PLA2G4C,ARPC1B;FCGR3A;ARPC5L;FCGR2A;FCGR1A;MARCKSL1;ACTR2;PRKCB;GSN;ARPC4;FCGR2B
Osteoclast differentiation,0.7488757949818337,1.4668975138626723,0.00501002004008016,0.03599663733276096,127,25,TYROBP;CYBA;FCGR3A;NCF2;JUND;IL1B;FCGR2A;FCGR1A;BLNK;OSCAR;GRB2;BTK;FCGR2B;TNFRSF1A;SIRPG;ITGB3;RELB;LILRA4;PIK3R1;FOSL2;FCGR3B;NFATC1;IRF9;MAP3K7;MAP2K7,TYROBP;CYBA;FCGR3A;NCF2;JUND;IL1B;FCGR2A;FCGR1A;BLNK;OSCAR;GRB2;BTK
Lipid and atherosclerosis,0.7466314277677853,1.4624970952284932,0.003006012024048096,0.03637907954044803,215,25,CYBA;CCL5;PYCARD;NCF2;CCL3;TNFSF10;IL1B;RXRA;HSP90AA1;IRF7;TNFRSF1A;CXCL2;PLCB2;PIK3R1;NFATC1;NFE2L2;IL6;MAP3K7;EIF2S1;IRAK4;CAMK2G;CCL2;MAP2K7;CXCL3;MMP9,CYBA;CCL5;PYCARD;NCF2;CCL3;TNFSF10;IL1B;RXRA;HSP90AA1;IRF7
Epstein-Barr virus infection,0.7276353109784025,1.457576589538839,0.002,0.03737725370251127,202,39,HLA-DPB1;HLA-DQA1;HLA-DRB1;HLA-DQB1;HLA-DPA1;HLA-DMA;CD247;HLA-DMB;OAS1;PDIA3;HLA-DOB;BLNK;CD19;BTK;IRF7;PSMC4;GADD45B;HDAC1;PSMC5;SNW1;PSMD7;CCND2;RBPJ;TAPBP;RELB;SIN3A;PIK3R1;HDAC2;IL6;IRF9;NCOR2;DDB2;PSMC6;USP7;MAP3K7;IRAK4;PSMD14;CXCL10;MAP2K7,HLA-DPB1;HLA-DQA1;HLA-DRB1;HLA-DQB1;HLA-DPA1;HLA-DMA;CD247;HLA-DMB;OAS1;PDIA3;HLA-DOB;BLNK;CD19;BTK;IRF7
Cytokine-cytokine receptor interaction,0.7354911523234096,1.4511508793692867,0.002002002002002002,0.039430211878698676,295,35,CCL5;LTB;IL32;TNFSF13B;CCL4;XCL2;CCL3;TNFRSF1B;TNFSF10;IL1B;XCL1;PF4;PPBP;RELT;TNFRSF4;TNFRSF1A;IL23A;TNFRSF25;IL27RA;CXCL2;IL16;TNFRSF17;TNFSF12;IL6;CCL4L1;BMPR2;CCL2;CXCR1;CXCL10;CXCL3;TNFRSF9;IL1RAP;ACVR2A;IL24;GDF11,CCL5;LTB;IL32;TNFSF13B;CCL4;XCL2;CCL3;TNFRSF1B;TNFSF10;IL1B;XCL1;PF4;PPBP
Pathogenic Escherichia coli infection,0.7497613460669924,1.4429480268502646,0.011077542799597181,0.04262278288356846,197,21,PYCARD;ARPC1B;TNFSF10;ARPC5L;IL1B;FCGR2A;CASP4;TUBB1;ACTR2;ARPC4;NCKAP1L;TMBIM6;TNFRSF1A;CLDN5;ARF6;CTTN;IL6;MAP3K7;CYTH2;IRAK4;MYO1E,PYCARD;ARPC1B;TNFSF10;ARPC5L;IL1B;FCGR2A;CASP4;TUBB1;ACTR2;ARPC4;NCKAP1L;TMBIM6;TNFRSF1A
Chemokine signaling pathway,0.72528975027673,1.4248910093782972,0.008016032064128256,0.04922234880380405,192,25,CCL5;CCL4;XCL2;CCL3;ARRB2;GNAI2;XCL1;PF4;PPBP;GNG11;GRB2;PRKCB;RASGRP2;PRKCD;CXCL2;PRKACA;PLCB2;PIK3R1;CCL4L1;PRKACB;CCL2;GNG3;CXCR1;CXCL10;CXCL3,CCL5;CCL4;XCL2;CCL3;ARRB2;GNAI2;XCL1;PF4;PPBP;GNG11;GRB2;PRKCB
Neuroactive ligand-receptor interaction,0.7487418473988734,1.4221445074287202,0.021233569261880688,0.04929974243399871,341,15,GZMA;FPR1;C5AR1;P2RX5;S1PR5;PTGDR;PTAFR;LTB4R;P2RY10;GPR35;NR3C1;TBXA2R;VIPR1;INSL3;TACR2,GZMA;FPR1;C5AR1;P2RX5;S1PR5;PTGDR
Fluid shear stress and atherosclerosis,0.7436866319817576,1.4256816841115754,0.013118062563067608,0.05054732775273664,139,19,GSTP1;CYBA;NCF2;GSTO1;IL1B;ITGA2B;HSP90AA1;TNFRSF1A;SUMO3;ITGB3;PIK3R1;NFE2L2;MAP3K7;CTNNB1;BMPR2;CCL2;MAP2K7;MMP9;ACVR2A,GSTP1;CYBA;NCF2;GSTO1;IL1B;ITGA2B;HSP90AA1;TNFRSF1A;SUMO3
Human immunodeficiency virus 1 infection,0.7429715464919655,1.4259085224635697,0.015090543259557344,0.05236001556127924,212,19,CD247;APOBEC3A;TNFRSF1B;APOBEC3G;PDIA3;GNAI2;GNG11;RNF7;PRKCB;TNFRSF1A;APOBEC3B;TAPBP;PIK3R1;NFATC1;MAP3K7;IRAK4;CUL4B;GNG3;MAP2K7,CD247;APOBEC3A;TNFRSF1B;APOBEC3G;PDIA3;GNAI2;GNG11;RNF7;PRKCB;TNFRSF1A;APOBEC3B
Salmonella infection,0.7295792856718348,1.427440913825016,0.007,0.053411699655645455,249,30,PYCARD;ARPC1B;TNFSF10;ARPC5L;DYNLT1;IL1B;CASP4;DYNLL1;TUBB1;HSP90AA1;ACTR2;ARPC4;NCKAP1L;MYL9;RAB7A;TNFRSF1A;RAB9A;ARF6;SNX9;KIF5B;IL6;ACBD3;MAP3K7;CYTH2;IRAK4;CTNNB1;KPNA1;KLC4;MAP2K7;EXOC4,PYCARD;ARPC1B;TNFSF10;ARPC5L;DYNLT1;IL1B;CASP4;DYNLL1;TUBB1;HSP90AA1;ACTR2;ARPC4;NCKAP1L;MYL9;RAB7A;TNFRSF1A
Chagas disease,0.7214727822812111,1.402430782830373,0.04374364191251272,0.06356504691380738,102,16,CCL5;CD247;CCL3;GNAI2;IL1B;TNFRSF1A;C1QA;PLCB2;C1QB;PIK3R1;PPP2CA;IL6;IRAK4;CCL2;PPP2R1B;C1QC,CCL5;CD247;CCL3;GNAI2;IL1B
Neutrophil extracellular trap formation,0.7023696058274125,1.3903382297744398,0.026026026026026026,0.07296084330661456,189,26,CYBA;FCGR3A;NCF2;FPR1;C5AR1;FCGR2A;FCGR1A;CASP4;SELPLG;ITGA2B;PRKCB;GP1BA;PPIF;VDAC3;HDAC1;ITGB3;PLCB2;HDAC5;PIK3R1;HDAC2;FCGR3B;HDAC9;MAP3K7;ATG7;CR1;ELANE,CYBA;FCGR3A;NCF2;FPR1;C5AR1;FCGR2A;FCGR1A;CASP4;SELPLG;ITGA2B;PRKCB
Yersinia infection,0.7119502315130356,1.3831192686308658,0.04609218436873747,0.07884605065464692,137,20,PYCARD;ARPC1B;ARPC5L;IL1B;FCGR2A;ZAP70;ACTR2;ARPC4;SKAP2;ARF6;PIK3R1;NFATC1;IL6;MAP3K7;GIT2;IRAK4;ARHGEF7;PKN2;CCL2;MAP2K7,PYCARD;ARPC1B;ARPC5L;IL1B;FCGR2A;ZAP70;ACTR2;ARPC4
Cytosolic DNA-sensing pathway,0.7190590017640092,1.3721419291402728,0.06997971602434078,0.0889926884489957,63,15,CCL5;PYCARD;CCL4;IL1B;TREX1;IRF7;POLR3K;POLR2E;AIM2;ZBP1;IL6;CCL4L1;POLR2K;POLR3E;CXCL10,CCL5;PYCARD;CCL4;IL1B;TREX1;IRF7
NF-kappa B signaling pathway,0.7099102108579922,1.3597668100719065,0.04149797570850203,0.1002658664681262,104,20,LTB;TNFSF13B;CCL4;IL1B;ZAP70;BLNK;BTK;CSNK2B;PRKCB;PARP1;TNFRSF1A;BCL2A1;GADD45B;CXCL2;RELB;CCL4L1;MAP3K7;IRAK4;MALT1;CXCL3,LTB;TNFSF13B;CCL4;IL1B;ZAP70;BLNK;BTK;CSNK2B;PRKCB;PARP1;TNFRSF1A;BCL2A1
TNF signaling pathway,0.7229049505990397,1.3574214328925822,0.05452674897119342,0.10045927725419032,112,15,CCL5;CEBPB;TNFRSF1B;IL1B;TNFRSF1A;MAP3K8;CXCL2;PIK3R1;IL6;MAP3K7;CCL2;CXCL10;MAP2K7;CXCL3;MMP9,CCL5;CEBPB;TNFRSF1B;IL1B
Human cytomegalovirus infection,0.6851428584543987,1.3310508803587129,0.059356136820925554,0.1321564524071058,225,23,CCL5;CCL4;CCL3;PDIA3;GNAI2;IL1B;GNG11;GRB2;PRKCB;TNFRSF1A;PRKACA;ITGB3;PLCB2;TAPBP;PIK3R1;NFATC1;IL6;CCL4L1;PRKACB;CTNNB1;CCL2;GNG3;CDKN2A,CCL5;CCL4;CCL3;PDIA3;GNAI2;IL1B;GNG11;GRB2;PRKCB;TNFRSF1A
Platelet activation,0.689635289284681,1.326986048510775,0.07042253521126761,0.13467597277159415,124,19,FCER1G;VAMP8;GNAI2;FCGR2A;GP9;BTK;ITGA2B;FERMT3;RASGRP2;GP1BA;PTGS1;ORAI1;PRKACA;ITGB3;PLCB2;PIK3R1;PRKACB;PLA2G4C;TBXA2R,FCER1G;VAMP8;GNAI2;FCGR2A;GP9;BTK;ITGA2B;FERMT3;RASGRP2;GP1BA;PTGS1
Endocytosis,0.6592092878861964,1.3111415758381173,0.039,0.15048250117470982,252,32,ARPC1B;FOLR3;ACAP1;ARRB2;ARPC5L;LDLRAP1;SNX3;CAPZB;CAPZA2;ACTR2;ARPC4;SH3GLB1;SMAP2;RAB7A;SNX5;EPN1;ARAP1;VPS28;VPS25;RAB11B;ARF6;MVB12A;CHMP4A;KIF5B;VPS26B;SH3KBP1;ARF4;GIT2;CYTH2;CXCR1;USP8;STAMBP,ARPC1B;FOLR3;ACAP1;ARRB2;ARPC5L;LDLRAP1;SNX3;CAPZB;CAPZA2;ACTR2;ARPC4;SH3GLB1;SMAP2;RAB7A;SNX5;EPN1
Lysosome,0.683956839088768,1.3112320314701382,0.07568113017154389,0.15446693675323747,128,19,CTSS;NPC2;CTSW;LITAF;PPT1;GNS;GUSB;GNPTAB;GGA2;LAMP2;AP3M2;AP3S1;GLB1;MANBA;ARSG;GGA3;LAMP3;IDUA;AP4S1,CTSS;NPC2;CTSW;LITAF
Shigellosis,0.6622465843314809,1.3017298599124738,0.057,0.16126999525536312,246,30,CCL5;PYCARD;ARPC1B;UBB;ARPC5L;IL1B;CASP4;UBE2D1;ACTR2;ARPC4;MYL9;TNFRSF1A;UBE2D2;PRKCD;RBCK1;UBE2D3;RRAGC;PLCB2;ARF6;DIAPH1;GABARAPL2;SHARPIN;CTTN;PIK3R1;UBE2D4;ACTN4;MAP3K7;CYTH2;MALT1;ATG16L1,CCL5;PYCARD;ARPC1B;UBB;ARPC5L;IL1B;CASP4;UBE2D1;ACTR2;ARPC4;MYL9;TNFRSF1A;UBE2D2
NOD-like receptor signaling pathway,0.636692483258076,1.2678461833826111,0.09509509509509509,0.21752769660045898,181,29,CYBA;CCL5;PYCARD;OAS1;IL1B;CASP4;HSP90AA1;IRF7;YWHAE;PRKCD;RBCK1;VDAC3;CXCL2;PLCB2;AIM2;GABARAPL2;SHARPIN;TRPV2;GBP4;IL6;IRF9;MAP3K7;GBP1;IRAK4;ANTXR2;PKN2;CCL2;CXCL3;ATG16L1,CYBA;CCL5;PYCARD;OAS1;IL1B;CASP4;HSP90AA1;IRF7
Coronavirus disease,0.6426657889114156,1.2526956690264728,0.1393939393939394,0.24124174983902127,232,19,C5AR1;OAS1;IL1B;FCGR2A;RPL22L1;PRKCB;F13A1;TNFRSF1A;C1QA;C1QB;HBEGF;PIK3R1;IL6;IRF9;MAP3K7;IRAK4;CCL2;CXCL10;C1QC,C5AR1;OAS1;IL1B;FCGR2A;RPL22L1;PRKCB;F13A1;TNFRSF1A;C1QA
mTOR signaling pathway,0.6486287786967674,1.249768385795295,0.19475277497477295,0.24134542898873934,154,15,ATP6V1F;LAMTOR1;LAMTOR5;GRB2;PRKCB;TNFRSF1A;SGK1;PRR5;RRAGC;LPIN1;ATP6V1D;ATP6V1C1;PIK3R1;NPRL2;CLIP1,ATP6V1F;LAMTOR1;LAMTOR5;GRB2;PRKCB;TNFRSF1A;SGK1;PRR5
Diabetic cardiomyopathy,0.6242751073145512,1.2212569383489766,0.1678391959798995,0.2946246512127066,203,22,CYBA;NCF2;UQCRC1;NDUFB10;PRKCB;SDHB;PARP1;NDUFA2;NDUFA12;PPIF;PRKCD;MPC2;VDAC3;NDUFC2;PLCB2;NDUFA10;PIK3R1;NDUFS1;CAMK2G;GYS1;PDK2;MMP9,CYBA;NCF2;UQCRC1;NDUFB10;PRKCB;SDHB;PARP1;NDUFA2;NDUFA12;PPIF;PRKCD;MPC2;VDAC3
Transcriptional misregulation in cancer,0.6232879396767492,1.2125155987094736,0.19718309859154928,0.3075442878749307,192,21,GZMB;CEBPB;ID2;FCGR1A;RXRA;PTCRA;ITGB7;FUS;BCL2A1;GADD45B;HDAC1;CCND2;PAX5;RARA;SIN3A;HDAC2;IL6;DDB2;EWSR1;ELANE;MMP9,GZMB;CEBPB;ID2;FCGR1A;RXRA;PTCRA;ITGB7;FUS;BCL2A1
Amyotrophic lateral sclerosis,0.5902400671628112,1.1671588192623146,0.21421421421421422,0.4110903383480653,364,33,GPX1;TNFRSF1B;PSMA7;UQCRC1;CAT;TUBB1;NDUFB10;SDHB;TNFRSF1A;NDUFA2;PSMB6;PSMC4;SRSF3;FUS;NDUFA12;DERL1;PSMC5;NDUFC2;TOMM40;PSMD7;NDUFA10;PSMA1;GABARAPL2;KIF5B;PSMC6;EIF2S1;NUP54;PSMD14;NDUFS1;NXT2;SETX;KLC4;NEFH,GPX1;TNFRSF1B;PSMA7;UQCRC1;CAT;TUBB1;NDUFB10;SDHB;TNFRSF1A;NDUFA2;PSMB6;PSMC4;SRSF3;FUS;NDUFA12
Prion disease,0.5860949351250582,1.162686133914652,0.191,0.41268691421621234,273,36,CYBA;CCL5;NCF2;IL1B;PSMA7;UQCRC1;CSNK2B;TUBB1;NDUFB10;SDHB;NDUFA2;PSMB6;PSMC4;C1QA;NDUFA12;PPIF;PRKCD;VDAC3;PSMC5;PRKACA;NDUFC2;PSMD7;NDUFA10;C1QB;PSMA1;PRNP;PIK3R1;KIF5B;IL6;PSMC6;EIF2S1;PRKACB;PSMD14;NDUFS1;KLC4;C1QC,CYBA;CCL5;NCF2;IL1B;PSMA7;UQCRC1;CSNK2B;TUBB1;NDUFB10;SDHB;NDUFA2;PSMB6;PSMC4;C1QA;NDUFA12;PPIF;PRKCD;VDAC3;PSMC5;PRKACA;NDUFC2
Hepatocellular carcinoma,0.5882148047394608,1.1432785327956883,0.29554655870445345,0.4528839693160503,168,18,GSTP1;GSTO1;GRB2;PRKCB;SMARCD3;GADD45B;SMARCA4;PIK3R1;FRAT1;PBRM1;CSNK1A1;NFE2L2;DDB2;ACTL6A;CTNNB1;SMARCD1;CDKN2A;SMARCC2,GSTP1;GSTO1;GRB2;PRKCB
Pathways of neurodegeneration,0.5679411935261841,1.1375185078706966,0.211,0.4582756778232932,475,48,GPX1;UBB;TNFRSF1B;IL1B;PSMA7;UBE2L6;UQCRC1;CSNK2B;CAT;TUBB1;NDUFB10;PRKCB;SDHB;SNCA;TNFRSF1A;NDUFA2;PSMB6;PSMC4;FUS;NDUFA12;PPIF;VDAC3;DERL1;PSMC5;NDUFC2;TOMM40;PSMD7;PLCB2;NDUFA10;PSMA1;GABARAPL2;PRNP;ATXN3;KIF5B;FRAT1;CSNK1A1;IL6;PSMC6;EIF2S1;PSMD14;LRRK2;NDUFS1;CAMK2G;CTNNB1;KLC4;MAP2K7;ATXN1L;NEFH,GPX1;UBB;TNFRSF1B;IL1B;PSMA7;UBE2L6;UQCRC1;CSNK2B;CAT;TUBB1;NDUFB10;PRKCB;SDHB;SNCA;TNFRSF1A;NDUFA2;PSMB6;PSMC4;FUS;NDUFA12
Tight junction,0.5879943319838232,1.1324609107685002,0.30360721442885774,0.46124185045074045,169,19,ARPC1B;ARPC5L;CD1C;ACTR2;ARPC4;MYL9;CLDN5;PRKACA;CTTN;WHAMM;PPP2CA;ACTN4;RAB8B;PRKACB;PCNA;F11R;JAM3;MAP2K7;PPP2R1B,ARPC1B;ARPC5L;CD1C;ACTR2;ARPC4;MYL9
Non-alcoholic fatty liver disease,0.5852128270089108,1.1043915762118828,0.35591506572295245,0.5118319381841597,155,17,IL1B;RXRA;UQCRC1;NDUFB10;SDHB;TNFRSF1A;NDUFA2;NDUFA12;MLX;NDUFC2;NDUFA10;PIK3R1;IL6;EIF2S1;NDUFS1;ADIPOR2;SREBF1,IL1B;RXRA;UQCRC1;NDUFB10;SDHB;TNFRSF1A;NDUFA2;NDUFA12;MLX
Parkinson disease,0.5549501860791435,1.1078287177840405,0.32,0.5131197681905988,249,31,UBB;GNAI2;PSMA7;UBE2L6;UQCRC1;TUBB1;NDUFB10;SDHB;SNCA;NDUFA2;PSMB6;PSMC4;NDUFA12;PPIF;VDAC3;PSMC5;PRKACA;NDUFC2;PSMD7;NDUFA10;PSMA1;KIF5B;NFE2L2;PSMC6;EIF2S1;PRKACB;PSMD14;LRRK2;NDUFS1;CAMK2G;KLC4,UBB;GNAI2;PSMA7;UBE2L6;UQCRC1;TUBB1;NDUFB10;SDHB;SNCA;NDUFA2;PSMB6;PSMC4;NDUFA12;PPIF;VDAC3;PSMC5;PRKACA;NDUFC2;PSMD7
PI3K-Akt signaling pathway,0.5473140145351472,1.0923646253144619,0.342,0.5306577718015731,354,28,TCL1A;CD19;GNG11;RXRA;GRB2;ITGA2B;HSP90AA1;ITGB7;SGK1;YWHAE;PPP2R3C;YWHAB;CDC37;CCND2;EREG;ITGB3;THEM4;PIK3R1;PPP2CA;IL6;YWHAG;GYS1;PKN2;GNG3;CRTC2;TCL1B;THBS1;PPP2R1B,TCL1A;CD19;GNG11;RXRA;GRB2;ITGA2B;HSP90AA1;ITGB7;SGK1;YWHAE;PPP2R3C;YWHAB;CDC37;CCND2;EREG;ITGB3;THEM4
Hepatitis C,0.5502853984156566,1.0640626198237209,0.4246987951807229,0.5923321486948337,157,18,OAS1;RXRA;GRB2;IRF7;IFIT1;TNFRSF1A;YWHAE;YWHAB;CLDN5;EIF2AK4;PIK3R1;PPP2CA;IRF9;EIF2S1;YWHAG;CTNNB1;CXCL10;PPP2R1B,OAS1;RXRA;GRB2;IRF7;IFIT1;TNFRSF1A;YWHAE;YWHAB;CLDN5
Retrograde endocannabinoid signaling,0.553190888628637,1.0429534790285342,0.4644308943089431,0.6201594583959362,148,15,GNAI2;GNG11;NDUFB10;PRKCB;NDUFA2;NDUFA12;PRKACA;NDUFC2;PLCB2;NDUFA10;PRKACB;NDUFS1;GNG3;DAGLB;FAAH,GNAI2;GNG11;NDUFB10;PRKCB;NDUFA2;NDUFA12;PRKACA;NDUFC2;PLCB2;NDUFA10
Pathways in cancer,0.5280777814303567,1.0472203911478932,0.418,0.6217424582973916,531,37,GSTP1;GSTO1;GNAI2;GNG11;RXRA;GRB2;ITGA2B;NCOA4;HSP90AA1;PRKCB;RASGRP2;CKS1B;IL23A;GADD45B;HDAC1;RASGRP4;PRKACA;CCND2;PLCB2;CTBP2;RARA;RALBP1;PIK3R1;HDAC2;FRAT1;NFE2L2;IL6;DDB2;FH;PRKACB;BBC3;CAMK2G;CTNNB1;GNG3;CDKN2A;PTCH1;MMP9,GSTP1;GSTO1;GNAI2;GNG11;RXRA;GRB2;ITGA2B;NCOA4;HSP90AA1;PRKCB
Calcium signaling pathway,0.5385524352744772,1.0295016957646614,0.48230535894843274,0.6415369080372301,240,15,P2RX5;PRKCB;PTAFR;PPIF;CAMK1D;VDAC3;ORAI1;PRKACA;PHKG2;PLCB2;SPHK1;PRKACB;CAMK2G;TBXA2R;TACR2,P2RX5;PRKCB;PTAFR;PPIF;CAMK1D;VDAC3;ORAI1;PRKACA;PHKG2;PLCB2
Measles,0.5273673540639683,1.0111718509856986,0.5131313131313131,0.6709903355257106,139,16,OAS1;IL1B;CSNK2B;IRF7;FCGR2B;RAB9A;CCND2;EIF2AK4;RCHY1;PIK3R1;IL6;IRF9;MAP3K7;EIF2S1;BBC3;IRAK4,OAS1;IL1B;CSNK2B;IRF7;FCGR2B
Huntington disease,0.5133576913950021,1.0040123355154478,0.507,0.676181358095819,306,33,GPX1;PSMA7;UQCRC1;TUBB1;NDUFB10;SDHB;NDUFA2;PSMB6;PSMC4;NDUFA12;PPIF;VDAC3;POLR2E;HDAC1;PSMC5;NDUFC2;PSMD7;PLCB2;NDUFA10;PSMA1;POLR2I;SIN3A;HDAC2;KIF5B;PSMC6;BBC3;POLR2K;PSMD14;NDUFS1;TFAM;KLC4;MAP2K7;TBPL1,GPX1;PSMA7;UQCRC1;TUBB1;NDUFB10;SDHB;NDUFA2;PSMB6;PSMC4;NDUFA12;PPIF;VDAC3;POLR2E;HDAC1;PSMC5;NDUFC2;PSMD7;PLCB2;NDUFA10;PSMA1
Alzheimer disease,0.49911666979406877,0.985083109883503,0.543,0.70665855296756,369,36,IL1B;PSMA7;UQCRC1;CSNK2B;TUBB1;NDUFB10;SDHB;SNCA;TNFRSF1A;NDUFA2;PSMB6;PSMC4;NDUFA12;PPIF;APH1B;VDAC3;BACE2;PSMC5;NDUFC2;PSMD7;PLCB2;NDUFA10;PSMA1;PIK3R1;KIF5B;FRAT1;CSNK1A1;IL6;ADAM10;PSMC6;EIF2S1;PSMD14;NDUFS1;CTNNB1;KLC4;MAP2K7,IL1B;PSMA7;UQCRC1;CSNK2B;TUBB1;NDUFB10;SDHB;SNCA;TNFRSF1A;NDUFA2;PSMB6;PSMC4;NDUFA12;PPIF;APH1B;VDAC3;BACE2;PSMC5;NDUFC2;PSMD7;PLCB2;NDUFA10;PSMA1
MAPK signaling pathway,0.5003500902744298,0.9737312543706497,0.5771543086172345,0.7190327359839349,294,27,ARRB2;JUND;IL1B;GRB2;PRKCB;TNFRSF1A;RASGRP2;PTPN7;GADD45B;MAP3K8;RASGRP4;PRKACA;EREG;STMN1;RELB;TAOK3;NFATC1;MAP3K7;PRKACB;IRAK4;NF1;ECSIT;PLA2G4C;MAP2K7;TAOK2;DUSP10;IL1RAP,ARRB2;JUND;IL1B;GRB2;PRKCB;TNFRSF1A;RASGRP2;PTPN7;GADD45B;MAP3K8;RASGRP4;PRKACA
Kaposi sarcoma-associated herpesvirus infection,0.5093886083251575,0.9668255487966904,0.554989816700611,0.721285415325177,193,15,UBB;GNG11;IRF7;TNFRSF1A;CXCL2;CLEC2B;GABARAPL2;PIK3R1;NFATC1;IL6;IRF9;CTNNB1;GNG3;MAP2K7;CXCL3,UBB;GNG11;IRF7;TNFRSF1A
Ras signaling pathway,0.496954827125642,0.9586840457170327,0.584771573604061,0.7255589393347619,232,17,ZAP70;GNG11;GRB2;PRKCB;RASGRP2;PLA2G12A;RASGRP4;PRKACA;ARF6;RALBP1;PIK3R1;PRKACB;NF1;SHOC2;RGL2;GNG3;PLA2G4C,ZAP70;GNG11;GRB2;PRKCB;RASGRP2;PLA2G12A;RASGRP4;PRKACA
Ubiquitin mediated proteolysis,0.46781444542389355,0.9121070322854731,0.6680040120361084,0.8027030149762167,140,24,UBB;UBE2L6;UBE2D1;RNF7;UBE2D2;ANAPC13;UBE2D3;STUB1;RCHY1;PRPF19;UBE2D4;UBE2Q1;DDB2;SYVN1;UBE2K;CDC16;UBE2E1;CUL4B;FBXO4;TRIP12;UBE2C;ANAPC4;PPIL2;UBE3A,UBB;UBE2L6;UBE2D1;RNF7;UBE2D2
Spinocerebellar ataxia,0.4611329126363906,0.8949938735388079,0.6780341023069207,0.8208319279632867,143,21,PSMA7;PRKCB;PSMB6;PSMC4;RORA;PPIF;VDAC3;PSMC5;PSMD7;RBPJ;PLCB2;PSMA1;ATXN10;ATXN3;PIK3R1;GTF2B;PSMC6;PUM1;PSMD14;TBPL1;ATXN1L,PSMA7;PRKCB;PSMB6;PSMC4;RORA;PPIF;VDAC3;PSMC5;PSMD7;RBPJ;PLCB2;PSMA1;ATXN10
Human papillomavirus infection,0.436369353770497,0.8719291969940028,0.726,0.8448869124275595,331,29,ATP6V1F;GRB2;ITGA2B;ATP6V0E1;ITGB7;TNFRSF1A;ATP6V0E2;PPP2R3C;HDAC1;PRKACA;CCND2;RBPJ;ITGB3;OASL;ATP6V1D;ATP6V1C1;PIK3R1;HDAC2;PPP2CA;CSNK1A1;IRF9;PRKACB;CTNNB1;THBS1;TBPL1;PPP2R1B;UBE3A;RFNG;TUBG2,ATP6V1F;GRB2;ITGA2B;ATP6V0E1;ITGB7;TNFRSF1A;ATP6V0E2;PPP2R3C;HDAC1;PRKACA;CCND2;RBPJ;ITGB3
Thermogenesis,0.43964580818906,0.8530439380263726,0.7311935807422267,0.8607100401208578,232,20,UQCRC1;GRB2;NDUFB10;SDHB;NDUFA2;SMARCD3;NDUFA12;PRKACA;NDUFC2;NDUFA10;SMARCA4;SIRT6;COA6;KDM3B;PRKACB;ACTL6A;NDUFAF4;NDUFS1;SMARCD1;SMARCC2,UQCRC1;GRB2;NDUFB10;SDHB;NDUFA2;SMARCD3;NDUFA12;PRKACA;NDUFC2
Cell cycle,0.4336510160511046,0.836361209165091,0.7388211382113821,0.8712670003317138,124,15,BUB3;YWHAE;GADD45B;YWHAB;ANAPC13;HDAC1;CCND2;HDAC2;PCNA;YWHAG;CDC16;MCM3;CDKN2A;ANAPC4;ORC2,BUB3;YWHAE;GADD45B;YWHAB;ANAPC13;HDAC1;CCND2
Spliceosome,0.4212229901906703,0.8267936224740995,0.8056112224448898,0.8715828055472797,150,28,SRSF5;LSM6;SF3B5;SRSF3;FUS;PQBP1;HNRNPM;CTNNBL1;SNRPB;CDC40;SNW1;PPIE;SNRNP27;SF3B1;CWC15;PHF5A;PRPF19;ISY1;DDX46;PRPF31;PRPF8;PLRG1;U2SURP;SRSF6;DHX15;RBM25;CHERP;DHX8,SRSF5;LSM6;SF3B5;SRSF3;FUS;PQBP1;HNRNPM;CTNNBL1;SNRPB;CDC40;SNW1;PPIE;SNRNP27;SF3B1
Viral carcinogenesis,0.3908203898547622,0.7722045859850781,0.8637274549098196,0.8964791647502529,203,27,GRB2;IRF7;GSN;YWHAE;YWHAB;VDAC3;HDAC1;PRKACA;SNW1;CCND2;RBPJ;HDAC5;PIK3R1;HDAC2;HDAC9;DNAJA3;ACTN4;SND1;IRF9;GTF2B;USP7;PRKACB;YWHAG;CDKN2A;TBPL1;UBE3A;GTF2H2,GRB2;IRF7;GSN;YWHAE;YWHAB;VDAC3;HDAC1;PRKACA;SNW1;CCND2;RBPJ;HDAC5;PIK3R1;HDAC2;HDAC9;DNAJA3;ACTN4;SND1;IRF9;GTF2B;USP7;PRKACB
Protein processing in endoplasmic reticulum,0.37687859743108737,0.7410665964836913,0.8828828828828829,0.901047815160621,171,25,PDIA3;UBE2D1;HSP90AA1;UBE2D2;LMAN2;DNAJA1;UBXN1;DERL1;UBE2D3;RPN2;STUB1;EIF2AK4;RAD23A;ATXN3;UBE2D4;NFE2L2;SYVN1;EIF2S1;UBXN4;SEC31A;DNAJC10;SEC61A2;SEL1L;MAP2K7;STT3A,PDIA3;UBE2D1;HSP90AA1;UBE2D2;LMAN2;DNAJA1;UBXN1;DERL1;UBE2D3;RPN2;STUB1;EIF2AK4;RAD23A;ATXN3;UBE2D4;NFE2L2;SYVN1;EIF2S1;UBXN4;SEC31A
MicroRNAs in cancer,0.3767650637599698,0.7255081877748082,0.8614457831325302,0.9013845275163405,310,19,GRB2;PRKCB;TPM1;CCNG1;HDAC1;CCND2;ITGB3;STMN1;HDAC5;PIK3R1;HDAC2;ABCB1;DICER1;BMPR2;CDKN2A;DNMT3A;THBS1;MMP9;SIRT1,GRB2;PRKCB;TPM1;CCNG1;HDAC1;CCND2;ITGB3;STMN1;HDAC5;PIK3R1;HDAC2
Autophagy,0.4052048813263271,0.7742192471271354,0.8219315895372233,0.9076781031570499,137,18,VAMP8;SH3GLB1;RAB7A;PRKCD;ATG16L2;PRKACA;LAMP2;RRAGC;GABARAPL2;EIF2AK4;PIK3R1;PPP2CA;MAP3K7;EIF2S1;PRKACB;ATG4C;ATG7;ATG16L1,VAMP8;SH3GLB1;RAB7A;PRKCD;ATG16L2;PRKACA;LAMP2;RRAGC;GABARAPL2;EIF2AK4;PIK3R1;PPP2CA
Wnt signaling pathway,0.4064082437595181,0.7836552011091562,0.8098591549295775,0.9105064675580471,166,19,CSNK2B;PRKCB;SERPINF1;TLE4;CTNNBIP1;PRKACA;CCND2;PLCB2;CTBP2;NFATC1;FRAT1;CSNK1A1;MAP3K7;PRKACB;CAMK2G;CTNNB1;PRICKLE1;SENP2;INVS,CSNK2B;PRKCB;SERPINF1;TLE4;CTNNBIP1;PRKACA;CCND2;PLCB2;CTBP2
RNA transport,0.38743215750186677,0.7438139226481718,0.847870182555781,0.9114146404505592,186,15,SUMO3;FUS;CLNS1A;EIF1B;EIF5;EIF1AY;EIF2B1;EIF3D;THOC7;XPOT;EIF2S1;NUP54;NXT2;EIF5B;SENP2,SUMO3;FUS;CLNS1A;EIF1B;EIF5;EIF1AY;EIF2B1
Glycerophospholipid metabolism,0.36286938443913824,0.6875301806516364,0.8846153846153846,0.9173885330920103,98,15,PLD4;MBOAT7;PLA2G12A;LYPLA1;DGKZ;CEPT1;LPIN1;AGPAT1;CRLS1;ADPRM;PCYT1A;LPGAT1;GNPAT;PLA2G4C;PEMT,PLD4;MBOAT7;PLA2G12A;LYPLA1;DGKZ;CEPT1;LPIN1;AGPAT1;CRLS1;ADPRM
Purine metabolism,0.2684775148885317,0.5112244639179141,0.9818365287588294,0.9831374758531873,129,18,NT5C;NT5C3A;GMPR;GMPR2;ADSL;NME3;HDDC3;NUDT5;ADPRM;PGM2;ITPA;NT5M;HPRT1;PAICS;PRPS2;NME6;PGM1;PDE6B,NT5C;NT5C3A;GMPR;GMPR2;ADSL;NME3;HDDC3;NUDT5;ADPRM;PGM2;ITPA;NT5M
